{
  "best_model": "Stacking Regressor",
  "MAE": 52938.58123738578,
  "RMSE": 134076.57117758025,
  "R2": 0.7477916568370755,
  "MAPE_percent": 10.615297242934307
}