{
  "best_model": "Linear Regression",
  "target_mean_test": 422580.83,
  "target_median_test": 382299.0,
  "MAE": 34942.99535421439,
  "RMSE": 55029.506652687756,
  "R2": 0.8961791365549641,
  "MAPE_percent": 8.257001159088206,
  "MdAPE_percent": 6.5154361143576525,
  "NMAE_mean_percent": 8.268949482212525,
  "NMAE_median_percent": 9.140226721548943,
  "RMSLE": 0.11680478033967537
}